/ios/uitableview/ios-uitableview-uitableviewcell-edit-mode,240
/ios/uitableview/ios-uitableview-section-header-customize,179
/ios/uitableview/ios-uitableview-reload-basic,165
/ios/uitableview/ios-uitableview-lifecycle,123
/ios/uitableview/ios-uitableview-uitableviewcell-height-customize,113
/ios/uitableview/ios-uitableview-uitableviewcell-input-control,87
/ios/carthage/ios-carthage,79
/ruby/rails/active-record/ruby-rails-activerecord-check-table-exists-diff,79
/ios/firebase/firebase-performance-monitoring-basic,78
/tools/shellscript/shellscript-basic-for-mobile-enginner,71
